date,currency_pair,exchange_rate
2021-01-01,USD_TWD,30.7991
2021-01-04,USD_TWD,30.7518
2021-01-05,USD_TWD,30.8005
2021-01-06,USD_TWD,30.8436
2021-01-07,USD_TWD,30.8472
2021-01-08,USD_TWD,30.9098
2021-01-11,USD_TWD,30.9358
2021-01-12,USD_TWD,30.888
2021-01-13,USD_TWD,30.9085
2021-01-14,USD_TWD,30.8551
2021-01-15,USD_TWD,30.9039
2021-01-18,USD_TWD,30.9012
2021-01-19,USD_TWD,30.8909
2021-01-20,USD_TWD,30.853
2021-01-21,USD_TWD,30.9209
2021-01-22,USD_TWD,30.9123
2021-01-25,USD_TWD,30.8885
2021-01-26,USD_TWD,30.8689
2021-01-27,USD_TWD,30.8985
2021-01-28,USD_TWD,30.9188
2021-01-29,USD_TWD,30.9418
2021-02-01,USD_TWD,30.9658
2021-02-02,USD_TWD,31.0851
2021-02-03,USD_TWD,31.0624
2021-02-04,USD_TWD,31.0338
2021-02-05,USD_TWD,30.9883
2021-02-08,USD_TWD,31.0227
2021-02-09,USD_TWD,31.0857
2021-02-10,USD_TWD,31.0793
2021-02-11,USD_TWD,31.0323
2021-02-12,USD_TWD,30.9863
2021-02-15,USD_TWD,31.0226
2021-02-16,USD_TWD,31.0641
2021-02-17,USD_TWD,31.0944
2021-02-18,USD_TWD,31.0572
2021-02-19,USD_TWD,31.0702
2021-02-22,USD_TWD,31.0767
2021-02-23,USD_TWD,31.0889
2021-02-24,USD_TWD,31.1377
2021-02-25,USD_TWD,31.1502
2021-02-26,USD_TWD,31.1883
2021-03-01,USD_TWD,31.1921
2021-03-02,USD_TWD,31.2083
2021-03-03,USD_TWD,31.2438
2021-03-04,USD_TWD,31.1618
2021-03-05,USD_TWD,31.1439
2021-03-08,USD_TWD,31.1175
2021-03-09,USD_TWD,31.0817
2021-03-10,USD_TWD,31.0663
2021-03-11,USD_TWD,31.1499
2021-03-12,USD_TWD,31.1014
2021-03-15,USD_TWD,31.1556
2021-03-16,USD_TWD,31.0612
2021-03-17,USD_TWD,31.0425
2021-03-18,USD_TWD,31.0516
2021-03-19,USD_TWD,31.0844
2021-03-22,USD_TWD,31.1242
2021-03-23,USD_TWD,31.1686
2021-03-24,USD_TWD,31.149
2021-03-25,USD_TWD,31.1231
2021-03-26,USD_TWD,31.1712
2021-03-29,USD_TWD,31.1604
2021-03-30,USD_TWD,31.0889
2021-03-31,USD_TWD,31.0255
2021-04-01,USD_TWD,30.9741
2021-04-02,USD_TWD,31.0018
2021-04-05,USD_TWD,31.0098
2021-04-06,USD_TWD,31.0483
2021-04-07,USD_TWD,31.0245
2021-04-08,USD_TWD,31.0333
2021-04-09,USD_TWD,31.0683
2021-04-12,USD_TWD,31.051
2021-04-13,USD_TWD,31.0765
2021-04-14,USD_TWD,31.0395
2021-04-15,USD_TWD,31.0192
2021-04-16,USD_TWD,30.9979
2021-04-19,USD_TWD,30.9311
2021-04-20,USD_TWD,30.9583
2021-04-21,USD_TWD,30.9321
2021-04-22,USD_TWD,30.9328
2021-04-23,USD_TWD,30.9596
2021-04-26,USD_TWD,30.9844
2021-04-27,USD_TWD,31.0216
2021-04-28,USD_TWD,31.0161
2021-04-29,USD_TWD,30.9924
2021-04-30,USD_TWD,30.988
2021-05-03,USD_TWD,30.8939
2021-05-04,USD_TWD,30.8134
2021-05-05,USD_TWD,30.74
2021-05-06,USD_TWD,30.6848
2021-05-07,USD_TWD,30.7069
2021-05-10,USD_TWD,30.6569
2021-05-11,USD_TWD,30.636
2021-05-12,USD_TWD,30.7077
2021-05-13,USD_TWD,30.688
2021-05-14,USD_TWD,30.7287
2021-05-17,USD_TWD,30.6771
2021-05-18,USD_TWD,30.6657
2021-05-19,USD_TWD,30.6133
2021-05-20,USD_TWD,30.5946
2021-05-21,USD_TWD,30.6409
2021-05-24,USD_TWD,30.5456
2021-05-25,USD_TWD,30.5695
2021-05-26,USD_TWD,30.5826
2021-05-27,USD_TWD,30.5499
2021-05-28,USD_TWD,30.4703
2021-05-31,USD_TWD,30.4743
2021-06-01,USD_TWD,30.4453
2021-06-02,USD_TWD,30.458
2021-06-03,USD_TWD,30.4592
2021-06-04,USD_TWD,30.547
2021-06-07,USD_TWD,30.5339
2021-06-08,USD_TWD,30.4776
2021-06-09,USD_TWD,30.4874
2021-06-10,USD_TWD,30.4995
2021-06-11,USD_TWD,30.5741
2021-06-14,USD_TWD,30.6201
2021-06-15,USD_TWD,30.6398
2021-06-16,USD_TWD,30.7205
2021-06-17,USD_TWD,30.6547
2021-06-18,USD_TWD,30.6194
2021-06-21,USD_TWD,30.5684
2021-06-22,USD_TWD,30.5469
2021-06-23,USD_TWD,30.4712
2021-06-24,USD_TWD,30.5061
2021-06-25,USD_TWD,30.4939
2021-06-28,USD_TWD,30.4131
2021-06-29,USD_TWD,30.3575
2021-06-30,USD_TWD,30.3747
2021-07-01,USD_TWD,30.4205
2021-07-02,USD_TWD,30.5298
2021-07-05,USD_TWD,30.6899
2021-07-06,USD_TWD,30.7128
2021-07-07,USD_TWD,30.6581
2021-07-08,USD_TWD,30.5405
2021-07-09,USD_TWD,30.5552
2021-07-12,USD_TWD,30.5105
2021-07-13,USD_TWD,30.4877
2021-07-14,USD_TWD,30.4541
2021-07-15,USD_TWD,30.4464
2021-07-16,USD_TWD,30.5048
2021-07-19,USD_TWD,30.5134
2021-07-20,USD_TWD,30.5047
2021-07-21,USD_TWD,30.4478
2021-07-22,USD_TWD,30.356
2021-07-23,USD_TWD,30.3295
2021-07-26,USD_TWD,30.2897
2021-07-27,USD_TWD,30.3861
2021-07-28,USD_TWD,30.3932
2021-07-29,USD_TWD,30.447
2021-07-30,USD_TWD,30.4417
2021-08-02,USD_TWD,30.3768
2021-08-03,USD_TWD,30.324
2021-08-04,USD_TWD,30.2844
2021-08-05,USD_TWD,30.4005
2021-08-06,USD_TWD,30.3555
2021-08-09,USD_TWD,30.4013
2021-08-10,USD_TWD,30.3519
2021-08-11,USD_TWD,30.4028
2021-08-12,USD_TWD,30.4239
2021-08-13,USD_TWD,30.4153
2021-08-16,USD_TWD,30.4131
2021-08-17,USD_TWD,30.3772
2021-08-18,USD_TWD,30.4016
2021-08-19,USD_TWD,30.3767
2021-08-20,USD_TWD,30.3097
2021-08-23,USD_TWD,30.24
2021-08-24,USD_TWD,30.2494
2021-08-25,USD_TWD,30.3354
2021-08-26,USD_TWD,30.3441
2021-08-27,USD_TWD,30.3376
2021-08-30,USD_TWD,30.3532
2021-08-31,USD_TWD,30.4246
2021-09-01,USD_TWD,30.4366
2021-09-02,USD_TWD,30.4141
2021-09-03,USD_TWD,30.4747
2021-09-06,USD_TWD,30.4982
2021-09-07,USD_TWD,30.5825
2021-09-08,USD_TWD,30.5926
2021-09-09,USD_TWD,30.5251
2021-09-10,USD_TWD,30.45
2021-09-13,USD_TWD,30.5405
2021-09-14,USD_TWD,30.6352
2021-09-15,USD_TWD,30.6253
2021-09-16,USD_TWD,30.6042
2021-09-17,USD_TWD,30.6847
2021-09-20,USD_TWD,30.6235
2021-09-21,USD_TWD,30.5742
2021-09-22,USD_TWD,30.6096
2021-09-23,USD_TWD,30.5879
2021-09-24,USD_TWD,30.5876
2021-09-27,USD_TWD,30.5786
2021-09-28,USD_TWD,30.5972
2021-09-29,USD_TWD,30.6747
2021-09-30,USD_TWD,30.6797
2021-10-01,USD_TWD,30.7153
2021-10-04,USD_TWD,30.6019
2021-10-05,USD_TWD,30.5992
2021-10-06,USD_TWD,30.5528
2021-10-07,USD_TWD,30.4858
2021-10-08,USD_TWD,30.4376
2021-10-11,USD_TWD,30.4193
2021-10-12,USD_TWD,30.4694
2021-10-13,USD_TWD,30.3967
2021-10-14,USD_TWD,30.3984
2021-10-15,USD_TWD,30.3719
2021-10-18,USD_TWD,30.3539
2021-10-19,USD_TWD,30.4087
2021-10-20,USD_TWD,30.4382
2021-10-21,USD_TWD,30.5115
2021-10-22,USD_TWD,30.503
2021-10-25,USD_TWD,30.4648
2021-10-26,USD_TWD,30.4525
2021-10-27,USD_TWD,30.4658
2021-10-28,USD_TWD,30.4755
2021-10-29,USD_TWD,30.416
2021-11-01,USD_TWD,30.4209
2021-11-02,USD_TWD,30.4334
2021-11-03,USD_TWD,30.5713
2021-11-04,USD_TWD,30.6746
2021-11-05,USD_TWD,30.6275
2021-11-08,USD_TWD,30.6117
2021-11-09,USD_TWD,30.531
2021-11-10,USD_TWD,30.4986
2021-11-11,USD_TWD,30.5159
2021-11-12,USD_TWD,30.5821
2021-11-15,USD_TWD,30.542
2021-11-16,USD_TWD,30.506
2021-11-17,USD_TWD,30.3881
2021-11-18,USD_TWD,30.3792
2021-11-19,USD_TWD,30.3211
2021-11-22,USD_TWD,30.2922
2021-11-23,USD_TWD,30.2444
2021-11-24,USD_TWD,30.2393
2021-11-25,USD_TWD,30.1436
2021-11-26,USD_TWD,30.064
2021-11-29,USD_TWD,30.1792
2021-11-30,USD_TWD,30.1093
2021-12-01,USD_TWD,30.0499
2021-12-02,USD_TWD,30.1492
2021-12-03,USD_TWD,30.3069
2021-12-06,USD_TWD,30.243
2021-12-07,USD_TWD,30.2229
2021-12-08,USD_TWD,30.2415
2021-12-09,USD_TWD,30.3356
2021-12-10,USD_TWD,30.2817
2021-12-13,USD_TWD,30.2683
2021-12-14,USD_TWD,30.3107
2021-12-15,USD_TWD,30.3344
2021-12-16,USD_TWD,30.3139
2021-12-17,USD_TWD,30.3066
2021-12-20,USD_TWD,30.2316
2021-12-21,USD_TWD,30.2186
2021-12-22,USD_TWD,30.2041
2021-12-23,USD_TWD,30.2167
2021-12-24,USD_TWD,30.1865
2021-12-27,USD_TWD,30.2122
2021-12-28,USD_TWD,30.2672
2021-12-29,USD_TWD,30.2757
2021-12-30,USD_TWD,30.2949
2021-12-31,USD_TWD,30.2978
2022-01-03,USD_TWD,30.2978
2022-01-04,USD_TWD,30.2584
2022-01-05,USD_TWD,30.2757
2022-01-06,USD_TWD,30.2704
2022-01-07,USD_TWD,30.3844
2022-01-10,USD_TWD,30.4705
2022-01-11,USD_TWD,30.4916
2022-01-12,USD_TWD,30.4497
2022-01-13,USD_TWD,30.3888
2022-01-14,USD_TWD,30.4539
2022-01-17,USD_TWD,30.4683
2022-01-18,USD_TWD,30.4947
2022-01-19,USD_TWD,30.3989
2022-01-20,USD_TWD,30.4496
2022-01-21,USD_TWD,30.4746
2022-01-24,USD_TWD,30.4136
2022-01-25,USD_TWD,30.3878
2022-01-26,USD_TWD,30.4023
2022-01-27,USD_TWD,30.4051
2022-01-28,USD_TWD,30.3891
2022-01-31,USD_TWD,30.3835
2022-02-01,USD_TWD,30.3697
2022-02-02,USD_TWD,30.378
2022-02-03,USD_TWD,30.4585
2022-02-04,USD_TWD,30.3178
2022-02-07,USD_TWD,30.3049
2022-02-08,USD_TWD,30.3145
2022-02-09,USD_TWD,30.3306
2022-02-10,USD_TWD,30.3103
2022-02-11,USD_TWD,30.2145
2022-02-14,USD_TWD,30.2323
2022-02-15,USD_TWD,30.3263
2022-02-16,USD_TWD,30.2426
2022-02-17,USD_TWD,30.2896
2022-02-18,USD_TWD,30.2717
2022-02-21,USD_TWD,30.2684
2022-02-22,USD_TWD,30.211
2022-02-23,USD_TWD,30.1928
2022-02-24,USD_TWD,30.2635
2022-02-25,USD_TWD,30.2952
2022-02-28,USD_TWD,30.3897
2022-03-01,USD_TWD,30.4541
2022-03-02,USD_TWD,30.4781
2022-03-03,USD_TWD,30.5738
2022-03-04,USD_TWD,30.598
2022-03-07,USD_TWD,30.6436
2022-03-08,USD_TWD,30.6272
2022-03-09,USD_TWD,30.6309
2022-03-10,USD_TWD,30.5924
2022-03-11,USD_TWD,30.6469
2022-03-14,USD_TWD,30.5819
2022-03-15,USD_TWD,30.625
2022-03-16,USD_TWD,30.6145
2022-03-17,USD_TWD,30.679
2022-03-18,USD_TWD,30.7205
2022-03-21,USD_TWD,30.8212
2022-03-22,USD_TWD,30.8617
2022-03-23,USD_TWD,30.7744
2022-03-24,USD_TWD,30.7707
2022-03-25,USD_TWD,30.7058
2022-03-28,USD_TWD,30.6771
2022-03-29,USD_TWD,30.7606
2022-03-30,USD_TWD,30.7959
2022-03-31,USD_TWD,30.7571
2022-04-01,USD_TWD,30.701
2022-04-04,USD_TWD,30.7028
2022-04-05,USD_TWD,30.6356
2022-04-06,USD_TWD,30.5986
2022-04-07,USD_TWD,30.6157
2022-04-08,USD_TWD,30.6794
2022-04-11,USD_TWD,30.713
2022-04-12,USD_TWD,30.5864
2022-04-13,USD_TWD,30.6031
2022-04-14,USD_TWD,30.6071
2022-04-15,USD_TWD,30.6299
2022-04-18,USD_TWD,30.719
2022-04-19,USD_TWD,30.6049
2022-04-20,USD_TWD,30.5723
2022-04-21,USD_TWD,30.6049
2022-04-22,USD_TWD,30.5177
2022-04-25,USD_TWD,30.5988
2022-04-26,USD_TWD,30.6191
2022-04-27,USD_TWD,30.6658
2022-04-28,USD_TWD,30.6342
2022-04-29,USD_TWD,30.6791
2022-05-02,USD_TWD,30.7381
2022-05-03,USD_TWD,30.751
2022-05-04,USD_TWD,30.764
2022-05-05,USD_TWD,30.779
2022-05-06,USD_TWD,30.7311
2022-05-09,USD_TWD,30.723
2022-05-10,USD_TWD,30.7145
2022-05-11,USD_TWD,30.7357
2022-05-12,USD_TWD,30.791
2022-05-13,USD_TWD,30.7324
2022-05-16,USD_TWD,30.7255
2022-05-17,USD_TWD,30.8074
2022-05-18,USD_TWD,30.7662
2022-05-19,USD_TWD,30.7206
2022-05-20,USD_TWD,30.7318
2022-05-23,USD_TWD,30.7785
2022-05-24,USD_TWD,30.7791
2022-05-25,USD_TWD,30.8528
2022-05-26,USD_TWD,30.9004
2022-05-27,USD_TWD,30.9472
2022-05-30,USD_TWD,30.978
2022-05-31,USD_TWD,31.1078
2022-06-01,USD_TWD,31.0963
2022-06-02,USD_TWD,30.9842
2022-06-03,USD_TWD,31.0737
2022-06-06,USD_TWD,31.0481
2022-06-07,USD_TWD,31.0541
2022-06-08,USD_TWD,31.1273
2022-06-09,USD_TWD,31.0375
2022-06-10,USD_TWD,30.9676
2022-06-13,USD_TWD,30.8783
2022-06-14,USD_TWD,30.8342
2022-06-15,USD_TWD,30.8586
2022-06-16,USD_TWD,30.8877
2022-06-17,USD_TWD,30.9031
2022-06-20,USD_TWD,30.8245
2022-06-21,USD_TWD,30.6963
2022-06-22,USD_TWD,30.6993
2022-06-23,USD_TWD,30.6733
2022-06-24,USD_TWD,30.6986
2022-06-27,USD_TWD,30.7374
2022-06-28,USD_TWD,30.7451
2022-06-29,USD_TWD,30.7871
2022-06-30,USD_TWD,30.7998
2022-07-01,USD_TWD,30.8292
2022-07-04,USD_TWD,30.7901
2022-07-05,USD_TWD,30.7802
2022-07-06,USD_TWD,30.7911
2022-07-07,USD_TWD,30.8365
2022-07-08,USD_TWD,30.8147
2022-07-11,USD_TWD,30.8436
2022-07-12,USD_TWD,30.8288
2022-07-13,USD_TWD,30.8223
2022-07-14,USD_TWD,30.8683
2022-07-15,USD_TWD,30.7576
2022-07-18,USD_TWD,30.6858
2022-07-19,USD_TWD,30.6039
2022-07-20,USD_TWD,30.4754
2022-07-21,USD_TWD,30.4382
2022-07-22,USD_TWD,30.4792
2022-07-25,USD_TWD,30.4636
2022-07-26,USD_TWD,30.4745
2022-07-27,USD_TWD,30.5342
2022-07-28,USD_TWD,30.6072
2022-07-29,USD_TWD,30.6034
2022-08-01,USD_TWD,30.6779
2022-08-02,USD_TWD,30.683
2022-08-03,USD_TWD,30.6368
2022-08-04,USD_TWD,30.604
2022-08-05,USD_TWD,30.5224
2022-08-08,USD_TWD,30.4736
2022-08-09,USD_TWD,30.454
2022-08-10,USD_TWD,30.4981
2022-08-11,USD_TWD,30.5925
2022-08-12,USD_TWD,30.5164
2022-08-15,USD_TWD,30.538
2022-08-16,USD_TWD,30.4808
2022-08-17,USD_TWD,30.5068
2022-08-18,USD_TWD,30.4996
2022-08-19,USD_TWD,30.3991
2022-08-22,USD_TWD,30.4499
2022-08-23,USD_TWD,30.4168
2022-08-24,USD_TWD,30.3875
2022-08-25,USD_TWD,30.329
2022-08-26,USD_TWD,30.2933
2022-08-29,USD_TWD,30.3166
2022-08-30,USD_TWD,30.3063
2022-08-31,USD_TWD,30.3242
2022-09-01,USD_TWD,30.344
2022-09-02,USD_TWD,30.4161
2022-09-05,USD_TWD,30.3973
2022-09-06,USD_TWD,30.3165
2022-09-07,USD_TWD,30.3748
2022-09-08,USD_TWD,30.3567
2022-09-09,USD_TWD,30.4176
2022-09-12,USD_TWD,30.4385
2022-09-13,USD_TWD,30.4314
2022-09-14,USD_TWD,30.4505
2022-09-15,USD_TWD,30.5574
2022-09-16,USD_TWD,30.6716
2022-09-19,USD_TWD,30.6755
2022-09-20,USD_TWD,30.6843
2022-09-21,USD_TWD,30.7438
2022-09-22,USD_TWD,30.697
2022-09-23,USD_TWD,30.7154
2022-09-26,USD_TWD,30.7139
2022-09-27,USD_TWD,30.7313
2022-09-28,USD_TWD,30.6852
2022-09-29,USD_TWD,30.5974
2022-09-30,USD_TWD,30.4832
2022-10-03,USD_TWD,30.4219
2022-10-04,USD_TWD,30.3968
2022-10-05,USD_TWD,30.3808
2022-10-06,USD_TWD,30.4867
2022-10-07,USD_TWD,30.5474
2022-10-10,USD_TWD,30.4945
2022-10-11,USD_TWD,30.5136
2022-10-12,USD_TWD,30.4912
2022-10-13,USD_TWD,30.4756
2022-10-14,USD_TWD,30.4858
2022-10-17,USD_TWD,30.5197
2022-10-18,USD_TWD,30.5011
2022-10-19,USD_TWD,30.5595
2022-10-20,USD_TWD,30.4967
2022-10-21,USD_TWD,30.4971
2022-10-24,USD_TWD,30.6397
2022-10-25,USD_TWD,30.652
2022-10-26,USD_TWD,30.731
2022-10-27,USD_TWD,30.7361
2022-10-28,USD_TWD,30.7682
2022-10-31,USD_TWD,30.7651
2022-11-01,USD_TWD,30.7556
2022-11-02,USD_TWD,30.7125
2022-11-03,USD_TWD,30.7363
2022-11-04,USD_TWD,30.6892
2022-11-07,USD_TWD,30.7259
2022-11-08,USD_TWD,30.786
2022-11-09,USD_TWD,30.8063
2022-11-10,USD_TWD,30.7904
2022-11-11,USD_TWD,30.8156
2022-11-14,USD_TWD,30.7984
2022-11-15,USD_TWD,30.8503
2022-11-16,USD_TWD,30.7486
2022-11-17,USD_TWD,30.73
2022-11-18,USD_TWD,30.6199
2022-11-21,USD_TWD,30.5375
2022-11-22,USD_TWD,30.6125
2022-11-23,USD_TWD,30.6618
2022-11-24,USD_TWD,30.6221
2022-11-25,USD_TWD,30.5393
2022-11-28,USD_TWD,30.3763
2022-11-29,USD_TWD,30.3466
2022-11-30,USD_TWD,30.4788
2022-12-01,USD_TWD,30.5027
2022-12-02,USD_TWD,30.4719
2022-12-05,USD_TWD,30.4974
2022-12-06,USD_TWD,30.4118
2022-12-07,USD_TWD,30.3955
2022-12-08,USD_TWD,30.4009
2022-12-09,USD_TWD,30.3962
2022-12-12,USD_TWD,30.4395
2022-12-13,USD_TWD,30.4584
2022-12-14,USD_TWD,30.495
2022-12-15,USD_TWD,30.4572
2022-12-16,USD_TWD,30.5064
2022-12-19,USD_TWD,30.5959
2022-12-20,USD_TWD,30.5425
2022-12-21,USD_TWD,30.4937
2022-12-22,USD_TWD,30.567
2022-12-23,USD_TWD,30.5565
2022-12-26,USD_TWD,30.6337
2022-12-27,USD_TWD,30.6093
2022-12-28,USD_TWD,30.6894
2022-12-29,USD_TWD,30.6967
2022-12-30,USD_TWD,30.711
2023-01-02,USD_TWD,30.7975
2023-01-03,USD_TWD,30.7774
2023-01-04,USD_TWD,30.7253
2023-01-05,USD_TWD,30.7005
2023-01-06,USD_TWD,30.7255
2023-01-09,USD_TWD,30.6389
2023-01-10,USD_TWD,30.674
2023-01-11,USD_TWD,30.6443
2023-01-12,USD_TWD,30.7076
2023-01-13,USD_TWD,30.5752
2023-01-16,USD_TWD,30.532
2023-01-17,USD_TWD,30.4393
2023-01-18,USD_TWD,30.394
2023-01-19,USD_TWD,30.4075
2023-01-20,USD_TWD,30.3977
2023-01-23,USD_TWD,30.3839
2023-01-24,USD_TWD,30.3752
2023-01-25,USD_TWD,30.3863
2023-01-26,USD_TWD,30.3311
2023-01-27,USD_TWD,30.3697
2023-01-30,USD_TWD,30.4059
2023-01-31,USD_TWD,30.427
2023-02-01,USD_TWD,30.4575
2023-02-02,USD_TWD,30.4737
2023-02-03,USD_TWD,30.5854
2023-02-06,USD_TWD,30.5806
2023-02-07,USD_TWD,30.5637
2023-02-08,USD_TWD,30.5222
2023-02-09,USD_TWD,30.4655
2023-02-10,USD_TWD,30.3973
2023-02-13,USD_TWD,30.3486
2023-02-14,USD_TWD,30.3448
2023-02-15,USD_TWD,30.363
2023-02-16,USD_TWD,30.3658
2023-02-17,USD_TWD,30.324
2023-02-20,USD_TWD,30.3731
2023-02-21,USD_TWD,30.4135
2023-02-22,USD_TWD,30.4048
2023-02-23,USD_TWD,30.3691
2023-02-24,USD_TWD,30.3991
2023-02-27,USD_TWD,30.4093
2023-02-28,USD_TWD,30.3301
2023-03-01,USD_TWD,30.3264
2023-03-02,USD_TWD,30.3407
2023-03-03,USD_TWD,30.2915
2023-03-06,USD_TWD,30.3019
2023-03-07,USD_TWD,30.2225
2023-03-08,USD_TWD,30.2952
2023-03-09,USD_TWD,30.3633
2023-03-10,USD_TWD,30.3495
2023-03-13,USD_TWD,30.3693
2023-03-14,USD_TWD,30.2376
2023-03-15,USD_TWD,30.1747
2023-03-16,USD_TWD,30.1587
2023-03-17,USD_TWD,30.1005
2023-03-20,USD_TWD,30.1392
2023-03-21,USD_TWD,30.2782
2023-03-22,USD_TWD,30.2141
2023-03-23,USD_TWD,30.1686
2023-03-24,USD_TWD,30.1813
2023-03-27,USD_TWD,30.2689
2023-03-28,USD_TWD,30.2023
2023-03-29,USD_TWD,30.2158
2023-03-30,USD_TWD,30.4147
2023-03-31,USD_TWD,30.3243
2023-04-03,USD_TWD,30.2544
2023-04-04,USD_TWD,30.2313
2023-04-05,USD_TWD,30.203
2023-04-06,USD_TWD,30.2472
2023-04-07,USD_TWD,30.2603
2023-04-10,USD_TWD,30.1636
2023-04-11,USD_TWD,30.1916
2023-04-12,USD_TWD,30.1602
2023-04-13,USD_TWD,30.2294
2023-04-14,USD_TWD,30.1953
2023-04-17,USD_TWD,30.1607
2023-04-18,USD_TWD,30.1901
2023-04-19,USD_TWD,30.2315
2023-04-20,USD_TWD,30.2559
2023-04-21,USD_TWD,30.1641
2023-04-24,USD_TWD,30.1933
2023-04-25,USD_TWD,30.1371
2023-04-26,USD_TWD,30.1499
2023-04-27,USD_TWD,30.0726
2023-04-28,USD_TWD,30.0968
2023-05-01,USD_TWD,30.0531
2023-05-02,USD_TWD,29.9837
2023-05-03,USD_TWD,30.0222
2023-05-04,USD_TWD,30.0353
2023-05-05,USD_TWD,30.0021
2023-05-08,USD_TWD,30.0804
2023-05-09,USD_TWD,30.0566
2023-05-10,USD_TWD,30.0583
2023-05-11,USD_TWD,30.0729
2023-05-12,USD_TWD,30.0393
2023-05-15,USD_TWD,30.0648
2023-05-16,USD_TWD,30.0359
2023-05-17,USD_TWD,30.0137
2023-05-18,USD_TWD,30.0873
2023-05-19,USD_TWD,30.0309
2023-05-22,USD_TWD,29.9005
2023-05-23,USD_TWD,29.9872
2023-05-24,USD_TWD,30.1248
2023-05-25,USD_TWD,30.1028
2023-05-26,USD_TWD,29.9979
2023-05-29,USD_TWD,29.9811
2023-05-30,USD_TWD,29.9657
2023-05-31,USD_TWD,29.9554
2023-06-01,USD_TWD,29.8954
2023-06-02,USD_TWD,29.9266
2023-06-05,USD_TWD,29.9548
2023-06-06,USD_TWD,29.8743
2023-06-07,USD_TWD,29.9119
2023-06-08,USD_TWD,30.0224
2023-06-09,USD_TWD,30.0317
2023-06-12,USD_TWD,30.0134
2023-06-13,USD_TWD,30.0058
2023-06-14,USD_TWD,30.039
2023-06-15,USD_TWD,29.9454
2023-06-16,USD_TWD,29.9543
2023-06-19,USD_TWD,29.9332
2023-06-20,USD_TWD,30.0328
2023-06-21,USD_TWD,30.0234
2023-06-22,USD_TWD,30.1135
2023-06-23,USD_TWD,30.0537
2023-06-26,USD_TWD,30.0855
2023-06-27,USD_TWD,30.1027
2023-06-28,USD_TWD,30.0557
2023-06-29,USD_TWD,30.0653
2023-06-30,USD_TWD,30.1309
2023-07-03,USD_TWD,30.1133
2023-07-04,USD_TWD,30.0216
2023-07-05,USD_TWD,30.0207
2023-07-06,USD_TWD,29.9719
2023-07-07,USD_TWD,29.9534
2023-07-10,USD_TWD,29.949
2023-07-11,USD_TWD,29.8571
2023-07-12,USD_TWD,29.7702
2023-07-13,USD_TWD,29.7961
2023-07-14,USD_TWD,29.768
2023-07-17,USD_TWD,29.6306
2023-07-18,USD_TWD,29.6725
2023-07-19,USD_TWD,29.687
2023-07-20,USD_TWD,29.6489
2023-07-21,USD_TWD,29.5786
2023-07-24,USD_TWD,29.6231
2023-07-25,USD_TWD,29.6417
2023-07-26,USD_TWD,29.7688
2023-07-27,USD_TWD,29.7914
2023-07-28,USD_TWD,29.8122
2023-07-31,USD_TWD,29.8032
2023-08-01,USD_TWD,29.847
2023-08-02,USD_TWD,29.8806
2023-08-03,USD_TWD,29.9479
2023-08-04,USD_TWD,29.9198
2023-08-07,USD_TWD,29.8964
2023-08-08,USD_TWD,29.8706
2023-08-09,USD_TWD,29.9131
2023-08-10,USD_TWD,29.9938
2023-08-11,USD_TWD,29.969
2023-08-14,USD_TWD,29.9461
2023-08-15,USD_TWD,29.963
2023-08-16,USD_TWD,29.9498
2023-08-17,USD_TWD,30.0011
2023-08-18,USD_TWD,29.8795
2023-08-21,USD_TWD,29.835
2023-08-22,USD_TWD,29.793
2023-08-23,USD_TWD,29.6686
2023-08-24,USD_TWD,29.6171
2023-08-25,USD_TWD,29.5683
2023-08-28,USD_TWD,29.5576
2023-08-29,USD_TWD,29.6168
2023-08-30,USD_TWD,29.6038
2023-08-31,USD_TWD,29.5488
2023-09-01,USD_TWD,29.5458
2023-09-04,USD_TWD,29.6016
2023-09-05,USD_TWD,29.5496
2023-09-06,USD_TWD,29.5012
2023-09-07,USD_TWD,29.5308
2023-09-08,USD_TWD,29.5191
2023-09-11,USD_TWD,29.5535
2023-09-12,USD_TWD,29.5527
2023-09-13,USD_TWD,29.5901
2023-09-14,USD_TWD,29.5349
2023-09-15,USD_TWD,29.5343
2023-09-18,USD_TWD,29.5231
2023-09-19,USD_TWD,29.4585
2023-09-20,USD_TWD,29.3756
2023-09-21,USD_TWD,29.4118
2023-09-22,USD_TWD,29.3933
2023-09-25,USD_TWD,29.3392
2023-09-26,USD_TWD,29.3341
2023-09-27,USD_TWD,29.3937
2023-09-28,USD_TWD,29.273
2023-09-29,USD_TWD,29.1941
2023-10-02,USD_TWD,29.1456
2023-10-03,USD_TWD,29.2223
2023-10-04,USD_TWD,29.2371
2023-10-05,USD_TWD,29.2775
2023-10-06,USD_TWD,29.2174
2023-10-09,USD_TWD,29.1586
2023-10-10,USD_TWD,29.1821
2023-10-11,USD_TWD,29.1851
2023-10-12,USD_TWD,29.214
2023-10-13,USD_TWD,29.2041
2023-10-16,USD_TWD,29.2187
2023-10-17,USD_TWD,29.227
2023-10-18,USD_TWD,29.2679
2023-10-19,USD_TWD,29.3105
2023-10-20,USD_TWD,29.225
2023-10-23,USD_TWD,29.1068
2023-10-24,USD_TWD,29.1593
2023-10-25,USD_TWD,29.2216
2023-10-26,USD_TWD,29.1679
2023-10-27,USD_TWD,29.0703
2023-10-30,USD_TWD,29.0755
2023-10-31,USD_TWD,29.1242
2023-11-01,USD_TWD,29.2184
2023-11-02,USD_TWD,29.2456
2023-11-03,USD_TWD,29.226
2023-11-06,USD_TWD,29.179
2023-11-07,USD_TWD,29.1796
2023-11-08,USD_TWD,29.1639
2023-11-09,USD_TWD,29.1106
2023-11-10,USD_TWD,29.218
2023-11-13,USD_TWD,29.3118
2023-11-14,USD_TWD,29.3718
2023-11-15,USD_TWD,29.3231
2023-11-16,USD_TWD,29.3682
2023-11-17,USD_TWD,29.402
2023-11-20,USD_TWD,29.4255
2023-11-21,USD_TWD,29.4916
2023-11-22,USD_TWD,29.5254
2023-11-23,USD_TWD,29.5647
2023-11-24,USD_TWD,29.5986
2023-11-27,USD_TWD,29.6168
2023-11-28,USD_TWD,29.5217
2023-11-29,USD_TWD,29.5261
2023-11-30,USD_TWD,29.4966
2023-12-01,USD_TWD,29.4286
2023-12-04,USD_TWD,29.5177
2023-12-05,USD_TWD,29.6096
2023-12-06,USD_TWD,29.682
2023-12-07,USD_TWD,29.6956
2023-12-08,USD_TWD,29.7678
2023-12-11,USD_TWD,29.7685
2023-12-12,USD_TWD,29.7793
2023-12-13,USD_TWD,29.7207
2023-12-14,USD_TWD,29.742
2023-12-15,USD_TWD,29.7452
2023-12-18,USD_TWD,29.6755
2023-12-19,USD_TWD,29.6727
2023-12-20,USD_TWD,29.6685
2023-12-21,USD_TWD,29.7645
2023-12-22,USD_TWD,29.8124
2023-12-25,USD_TWD,29.813
2023-12-26,USD_TWD,29.8263
2023-12-27,USD_TWD,29.8287
2023-12-28,USD_TWD,29.8178
2023-12-29,USD_TWD,29.7597
2024-01-01,USD_TWD,29.7516
2024-01-02,USD_TWD,29.7117
2024-01-03,USD_TWD,29.6448
2024-01-04,USD_TWD,29.6721
2024-01-05,USD_TWD,29.693
2024-01-08,USD_TWD,29.5975
2024-01-09,USD_TWD,29.5909
2024-01-10,USD_TWD,29.644
2024-01-11,USD_TWD,29.7005
2024-01-12,USD_TWD,29.7553
2024-01-15,USD_TWD,29.7574
2024-01-16,USD_TWD,29.7122
2024-01-17,USD_TWD,29.6542
2024-01-18,USD_TWD,29.6726
2024-01-19,USD_TWD,29.6929
2024-01-22,USD_TWD,29.7617
2024-01-23,USD_TWD,29.8206
2024-01-24,USD_TWD,29.8135
2024-01-25,USD_TWD,29.7467
2024-01-26,USD_TWD,29.7296
2024-01-29,USD_TWD,29.7413
2024-01-30,USD_TWD,29.7304
2024-01-31,USD_TWD,29.6995
2024-02-01,USD_TWD,29.713
2024-02-02,USD_TWD,29.6861
2024-02-05,USD_TWD,29.6525
2024-02-06,USD_TWD,29.6691
2024-02-07,USD_TWD,29.6477
2024-02-08,USD_TWD,29.6607
2024-02-09,USD_TWD,29.6753
2024-02-12,USD_TWD,29.6144
2024-02-13,USD_TWD,29.5888
2024-02-14,USD_TWD,29.6653
2024-02-15,USD_TWD,29.6033
2024-02-16,USD_TWD,29.4905
2024-02-19,USD_TWD,29.3917
2024-02-20,USD_TWD,29.3932
2024-02-21,USD_TWD,29.3948
2024-02-22,USD_TWD,29.3886
2024-02-23,USD_TWD,29.4529
2024-02-26,USD_TWD,29.3112
2024-02-27,USD_TWD,29.332
2024-02-28,USD_TWD,29.4145
2024-02-29,USD_TWD,29.3548
2024-03-01,USD_TWD,29.3347
2024-03-04,USD_TWD,29.2949
2024-03-05,USD_TWD,29.2478
2024-03-06,USD_TWD,29.2306
2024-03-07,USD_TWD,29.3057
2024-03-08,USD_TWD,29.4026
2024-03-11,USD_TWD,29.3849
2024-03-12,USD_TWD,29.4856
2024-03-13,USD_TWD,29.4875
2024-03-14,USD_TWD,29.5806
2024-03-15,USD_TWD,29.5756
2024-03-18,USD_TWD,29.5826
2024-03-19,USD_TWD,29.6021
2024-03-20,USD_TWD,29.7714
2024-03-21,USD_TWD,29.8171
2024-03-22,USD_TWD,29.7791
2024-03-25,USD_TWD,29.831
2024-03-26,USD_TWD,29.8116
2024-03-27,USD_TWD,29.7853
2024-03-28,USD_TWD,29.8341
2024-03-29,USD_TWD,29.8357
2024-04-01,USD_TWD,29.8507
2024-04-02,USD_TWD,29.8514
2024-04-03,USD_TWD,29.8695
2024-04-04,USD_TWD,29.8924
2024-04-05,USD_TWD,29.7881
2024-04-08,USD_TWD,29.813
2024-04-09,USD_TWD,29.7603
2024-04-10,USD_TWD,29.683
2024-04-11,USD_TWD,29.6799
2024-04-12,USD_TWD,29.6844
2024-04-15,USD_TWD,29.6474
2024-04-16,USD_TWD,29.6917
2024-04-17,USD_TWD,29.62
2024-04-18,USD_TWD,29.5983
2024-04-19,USD_TWD,29.5671
2024-04-22,USD_TWD,29.5646
2024-04-23,USD_TWD,29.5795
2024-04-24,USD_TWD,29.5258
2024-04-25,USD_TWD,29.5643
2024-04-26,USD_TWD,29.5677
2024-04-29,USD_TWD,29.467
2024-04-30,USD_TWD,29.3631
2024-05-01,USD_TWD,29.3624
2024-05-02,USD_TWD,29.3508
2024-05-03,USD_TWD,29.3453
2024-05-06,USD_TWD,29.3438
2024-05-07,USD_TWD,29.3557
2024-05-08,USD_TWD,29.4058
2024-05-09,USD_TWD,29.347
2024-05-10,USD_TWD,29.2851
2024-05-13,USD_TWD,29.2274
2024-05-14,USD_TWD,29.2426
2024-05-15,USD_TWD,29.3082
2024-05-16,USD_TWD,29.2854
2024-05-17,USD_TWD,29.1535
2024-05-20,USD_TWD,29.0641
2024-05-21,USD_TWD,29.0205
2024-05-22,USD_TWD,28.9914
2024-05-23,USD_TWD,28.9701
2024-05-24,USD_TWD,28.9721
2024-05-27,USD_TWD,28.9559
2024-05-28,USD_TWD,29.0105
2024-05-29,USD_TWD,28.9752
2024-05-30,USD_TWD,28.9303
2024-05-31,USD_TWD,28.9552
2024-06-03,USD_TWD,28.8752
2024-06-04,USD_TWD,28.8954
2024-06-05,USD_TWD,28.9008
2024-06-06,USD_TWD,28.8931
2024-06-07,USD_TWD,28.9757
2024-06-10,USD_TWD,28.9432
2024-06-11,USD_TWD,29.0506
2024-06-12,USD_TWD,29.0388
2024-06-13,USD_TWD,28.972
2024-06-14,USD_TWD,28.9757
2024-06-17,USD_TWD,28.9196
2024-06-18,USD_TWD,28.8804
2024-06-19,USD_TWD,28.9011
2024-06-20,USD_TWD,28.93
2024-06-21,USD_TWD,28.8976
2024-06-24,USD_TWD,28.9489
2024-06-25,USD_TWD,29.0288
2024-06-26,USD_TWD,29.1039
2024-06-27,USD_TWD,29.1316
2024-06-28,USD_TWD,29.2031
2024-07-01,USD_TWD,29.1042
2024-07-02,USD_TWD,29.0876
2024-07-03,USD_TWD,29.0422
2024-07-04,USD_TWD,29.0484
2024-07-05,USD_TWD,29.0186
2024-07-08,USD_TWD,29.0099
2024-07-09,USD_TWD,29.1082
2024-07-10,USD_TWD,29.0993
2024-07-11,USD_TWD,29.1209
2024-07-12,USD_TWD,29.1088
2024-07-15,USD_TWD,29.1127
2024-07-16,USD_TWD,29.113
2024-07-17,USD_TWD,29.1365
2024-07-18,USD_TWD,29.1977
2024-07-19,USD_TWD,29.2842
2024-07-22,USD_TWD,29.3006
2024-07-23,USD_TWD,29.3316
2024-07-24,USD_TWD,29.2709
2024-07-25,USD_TWD,29.2663
2024-07-26,USD_TWD,29.3158
2024-07-29,USD_TWD,29.3615
2024-07-30,USD_TWD,29.3727
2024-07-31,USD_TWD,29.4195
2024-08-01,USD_TWD,29.4455
2024-08-02,USD_TWD,29.5091
2024-08-05,USD_TWD,29.5245
2024-08-06,USD_TWD,29.5056
2024-08-07,USD_TWD,29.5234
2024-08-08,USD_TWD,29.3677
2024-08-09,USD_TWD,29.3879
2024-08-12,USD_TWD,29.1949
2024-08-13,USD_TWD,29.1044
2024-08-14,USD_TWD,29.128
2024-08-15,USD_TWD,29.1531
2024-08-16,USD_TWD,29.0921
2024-08-19,USD_TWD,29.0548
2024-08-20,USD_TWD,29.1265
2024-08-21,USD_TWD,29.1011
2024-08-22,USD_TWD,29.2186
2024-08-23,USD_TWD,29.2185
2024-08-26,USD_TWD,29.2399
2024-08-27,USD_TWD,29.325
2024-08-28,USD_TWD,29.332
2024-08-29,USD_TWD,29.279
2024-08-30,USD_TWD,29.2733
2024-09-02,USD_TWD,29.2714
2024-09-03,USD_TWD,29.1995
2024-09-04,USD_TWD,29.186
2024-09-05,USD_TWD,29.147
2024-09-06,USD_TWD,29.1955
2024-09-09,USD_TWD,29.1973
2024-09-10,USD_TWD,29.1825
2024-09-11,USD_TWD,29.1769
2024-09-12,USD_TWD,29.1886
2024-09-13,USD_TWD,29.221
2024-09-16,USD_TWD,29.1685
2024-09-17,USD_TWD,29.1138
2024-09-18,USD_TWD,29.1717
2024-09-19,USD_TWD,29.15
2024-09-20,USD_TWD,29.0757
2024-09-23,USD_TWD,29.0989
2024-09-24,USD_TWD,29.1232
2024-09-25,USD_TWD,29.0429
2024-09-26,USD_TWD,29.0549
2024-09-27,USD_TWD,29.0934
2024-09-30,USD_TWD,29.113
2024-10-01,USD_TWD,29.1461
2024-10-02,USD_TWD,29.0724
2024-10-03,USD_TWD,29.0898
2024-10-04,USD_TWD,29.0739
2024-10-07,USD_TWD,29.0486
2024-10-08,USD_TWD,29.0942
2024-10-09,USD_TWD,29.1716
2024-10-10,USD_TWD,29.2659
2024-10-11,USD_TWD,29.3351
2024-10-14,USD_TWD,29.3293
2024-10-15,USD_TWD,29.3479
2024-10-16,USD_TWD,29.3885
2024-10-17,USD_TWD,29.3949
2024-10-18,USD_TWD,29.4018
2024-10-21,USD_TWD,29.4454
2024-10-22,USD_TWD,29.4422
2024-10-23,USD_TWD,29.4036
2024-10-24,USD_TWD,29.3817
2024-10-25,USD_TWD,29.4152
2024-10-28,USD_TWD,29.4153
2024-10-29,USD_TWD,29.4333
2024-10-30,USD_TWD,29.3902
2024-10-31,USD_TWD,29.3703
2024-11-01,USD_TWD,29.4103
2024-11-04,USD_TWD,29.4304
2024-11-05,USD_TWD,29.365
2024-11-06,USD_TWD,29.4412
2024-11-07,USD_TWD,29.4147
2024-11-08,USD_TWD,29.327
2024-11-11,USD_TWD,29.2719
2024-11-12,USD_TWD,29.2181
2024-11-13,USD_TWD,29.2208
2024-11-14,USD_TWD,29.2064
2024-11-15,USD_TWD,29.1887
2024-11-18,USD_TWD,29.2213
2024-11-19,USD_TWD,29.2391
2024-11-20,USD_TWD,29.2558
2024-11-21,USD_TWD,29.2773
2024-11-22,USD_TWD,29.3098
2024-11-25,USD_TWD,29.1986
2024-11-26,USD_TWD,29.1795
2024-11-27,USD_TWD,29.0649
2024-11-28,USD_TWD,29.0668
2024-11-29,USD_TWD,29.0666
2024-12-02,USD_TWD,29.1213
2024-12-03,USD_TWD,29.1835
2024-12-04,USD_TWD,29.1942
2024-12-05,USD_TWD,29.1679
2024-12-06,USD_TWD,29.1934
2024-12-09,USD_TWD,29.1656
2024-12-10,USD_TWD,29.1656
2024-12-11,USD_TWD,29.2173
2024-12-12,USD_TWD,29.188
2024-12-13,USD_TWD,29.2303
2024-12-16,USD_TWD,29.266
2024-12-17,USD_TWD,29.2157
2024-12-18,USD_TWD,29.2669
2024-12-19,USD_TWD,29.3037
2024-12-20,USD_TWD,29.3091
2024-12-23,USD_TWD,29.2688
2024-12-24,USD_TWD,29.2236
2024-12-25,USD_TWD,29.1953
2024-12-26,USD_TWD,29.2238
2024-12-27,USD_TWD,29.1735
2024-12-30,USD_TWD,29.1965
2024-12-31,USD_TWD,29.1313
2025-01-01,USD_TWD,29.1206
2025-01-02,USD_TWD,29.1263
2025-01-03,USD_TWD,29.2545
2025-01-06,USD_TWD,29.182
2025-01-07,USD_TWD,29.2593
2025-01-08,USD_TWD,29.2672
2025-01-09,USD_TWD,29.2888
2025-01-10,USD_TWD,29.2951
2025-01-13,USD_TWD,29.3185
2025-01-14,USD_TWD,29.3104
2025-01-15,USD_TWD,29.3871
2025-01-16,USD_TWD,29.363
2025-01-17,USD_TWD,29.4228
2025-01-20,USD_TWD,29.3887
2025-01-21,USD_TWD,29.3855
2025-01-22,USD_TWD,29.3288
2025-01-23,USD_TWD,29.3528
2025-01-24,USD_TWD,29.4292
2025-01-27,USD_TWD,29.4251
2025-01-28,USD_TWD,29.4147
2025-01-29,USD_TWD,29.3557
2025-01-30,USD_TWD,29.3435
2025-01-31,USD_TWD,29.2594
2025-02-03,USD_TWD,29.2113
2025-02-04,USD_TWD,29.2233
2025-02-05,USD_TWD,29.2926
2025-02-06,USD_TWD,29.4408
2025-02-07,USD_TWD,29.4097
2025-02-10,USD_TWD,29.4857
2025-02-11,USD_TWD,29.4986
2025-02-12,USD_TWD,29.4906
2025-02-13,USD_TWD,29.5135
2025-02-14,USD_TWD,29.5168
2025-02-17,USD_TWD,29.5227
2025-02-18,USD_TWD,29.501
2025-02-19,USD_TWD,29.4267
2025-02-20,USD_TWD,29.345
2025-02-21,USD_TWD,29.3795
2025-02-24,USD_TWD,29.3648
2025-02-25,USD_TWD,29.3333
2025-02-26,USD_TWD,29.3338
2025-02-27,USD_TWD,29.3758
2025-02-28,USD_TWD,29.3853
2025-03-03,USD_TWD,29.3506
2025-03-04,USD_TWD,29.4154
2025-03-05,USD_TWD,29.499
2025-03-06,USD_TWD,29.5253
2025-03-07,USD_TWD,29.577
2025-03-10,USD_TWD,29.6431
2025-03-11,USD_TWD,29.7034
2025-03-12,USD_TWD,29.7363
2025-03-13,USD_TWD,29.7683
2025-03-14,USD_TWD,29.7961
2025-03-17,USD_TWD,29.7373
2025-03-18,USD_TWD,29.7748
2025-03-19,USD_TWD,29.7021
2025-03-20,USD_TWD,29.6596
2025-03-21,USD_TWD,29.7292
2025-03-24,USD_TWD,29.7742
2025-03-25,USD_TWD,29.8539
2025-03-26,USD_TWD,29.8393
2025-03-27,USD_TWD,29.7774
2025-03-28,USD_TWD,29.7645
2025-03-31,USD_TWD,29.8338
2025-04-01,USD_TWD,29.838
2025-04-02,USD_TWD,29.8989
2025-04-03,USD_TWD,29.8795
2025-04-04,USD_TWD,29.8984
2025-04-07,USD_TWD,29.8452
2025-04-08,USD_TWD,29.8694
2025-04-09,USD_TWD,29.8695
2025-04-10,USD_TWD,29.8292
2025-04-11,USD_TWD,29.8166
2025-04-14,USD_TWD,29.8067
2025-04-15,USD_TWD,29.7922
2025-04-16,USD_TWD,29.8872
2025-04-17,USD_TWD,29.8819
2025-04-18,USD_TWD,29.8688
2025-04-21,USD_TWD,29.756
2025-04-22,USD_TWD,29.7081
2025-04-23,USD_TWD,29.694
2025-04-24,USD_TWD,29.6574
2025-04-25,USD_TWD,29.7311
2025-04-28,USD_TWD,29.7223
2025-04-29,USD_TWD,29.7912
2025-04-30,USD_TWD,29.7946
2025-05-01,USD_TWD,29.7966
2025-05-02,USD_TWD,29.7918
2025-05-05,USD_TWD,29.792
2025-05-06,USD_TWD,29.8842
2025-05-07,USD_TWD,29.7594
2025-05-08,USD_TWD,29.6522
2025-05-09,USD_TWD,29.6232
2025-05-12,USD_TWD,29.624
2025-05-13,USD_TWD,29.6608
2025-05-14,USD_TWD,29.686
2025-05-15,USD_TWD,29.6655
2025-05-16,USD_TWD,29.7199
2025-05-19,USD_TWD,29.775
2025-05-20,USD_TWD,29.7849
2025-05-21,USD_TWD,29.8365
2025-05-22,USD_TWD,29.8511
2025-05-23,USD_TWD,29.821
2025-05-26,USD_TWD,29.8584
2025-05-27,USD_TWD,29.8644
2025-05-28,USD_TWD,29.8644
2025-05-29,USD_TWD,29.9436
2025-05-30,USD_TWD,29.8115
2025-06-02,USD_TWD,29.7354
2025-06-03,USD_TWD,29.6719
2025-06-04,USD_TWD,29.6525
2025-06-05,USD_TWD,29.6389
2025-06-06,USD_TWD,29.5585
2025-06-09,USD_TWD,29.5061
2025-06-10,USD_TWD,29.4604
2025-06-11,USD_TWD,29.5907
2025-06-12,USD_TWD,29.6866
2025-06-13,USD_TWD,29.6646
2025-06-16,USD_TWD,29.6452
2025-06-17,USD_TWD,29.5839
2025-06-18,USD_TWD,29.4823
2025-06-19,USD_TWD,29.4761
2025-06-20,USD_TWD,29.4231
2025-06-23,USD_TWD,29.4187
2025-06-24,USD_TWD,29.3339
2025-06-25,USD_TWD,29.2937
2025-06-26,USD_TWD,29.3015
2025-06-27,USD_TWD,29.3208
2025-06-30,USD_TWD,29.3429
2025-07-01,USD_TWD,29.2731
2025-07-02,USD_TWD,29.3182
2025-07-03,USD_TWD,29.2759
2025-07-04,USD_TWD,29.3093
2025-07-07,USD_TWD,29.3087
2025-07-08,USD_TWD,29.2361
2025-07-09,USD_TWD,29.2195
2025-07-10,USD_TWD,29.2387
2025-07-11,USD_TWD,29.2709
2025-07-14,USD_TWD,29.2635
2025-07-15,USD_TWD,29.3442
2025-07-16,USD_TWD,29.3974
2025-07-17,USD_TWD,29.3838
2025-07-18,USD_TWD,29.4235
2025-07-21,USD_TWD,29.5259
2025-07-22,USD_TWD,29.6301
2025-07-23,USD_TWD,29.5646
2025-07-24,USD_TWD,29.5153
2025-07-25,USD_TWD,29.5942
2025-07-28,USD_TWD,29.5378
2025-07-29,USD_TWD,29.4675
2025-07-30,USD_TWD,29.4417
2025-07-31,USD_TWD,29.464
2025-08-01,USD_TWD,29.4586
2025-08-04,USD_TWD,29.4241
2025-08-05,USD_TWD,29.3884
2025-08-06,USD_TWD,29.3507
2025-08-07,USD_TWD,29.3042
2025-08-08,USD_TWD,29.4246
2025-08-11,USD_TWD,29.4403
2025-08-12,USD_TWD,29.4873
2025-08-13,USD_TWD,29.4614
2025-08-14,USD_TWD,29.4515
2025-08-15,USD_TWD,29.4137
2025-08-18,USD_TWD,29.2733
2025-08-19,USD_TWD,29.2007
2025-08-20,USD_TWD,29.1055
2025-08-21,USD_TWD,28.9876
2025-08-22,USD_TWD,28.9253
2025-08-25,USD_TWD,28.9942
2025-08-26,USD_TWD,28.9919
2025-08-27,USD_TWD,29.0593
2025-08-28,USD_TWD,29.0808
2025-08-29,USD_TWD,29.1217
2025-09-01,USD_TWD,29.0745
2025-09-02,USD_TWD,29.1019
2025-09-03,USD_TWD,29.1401
2025-09-04,USD_TWD,29.1099
2025-09-05,USD_TWD,29.1392
2025-09-08,USD_TWD,29.1689
2025-09-09,USD_TWD,29.14
2025-09-10,USD_TWD,29.0811
2025-09-11,USD_TWD,29.0191
2025-09-12,USD_TWD,29.0237
2025-09-15,USD_TWD,29.0407
2025-09-16,USD_TWD,28.9993
2025-09-17,USD_TWD,29.0007
2025-09-18,USD_TWD,29.0305
2025-09-19,USD_TWD,29.0628
2025-09-22,USD_TWD,29.144
2025-09-23,USD_TWD,29.211
2025-09-24,USD_TWD,29.1583
2025-09-25,USD_TWD,29.2467
2025-09-26,USD_TWD,29.2187
2025-09-29,USD_TWD,29.2737
2025-09-30,USD_TWD,29.2773
2025-10-01,USD_TWD,29.2555
2025-10-02,USD_TWD,29.1603
2025-10-03,USD_TWD,29.1513
2025-10-06,USD_TWD,29.0695
2025-10-07,USD_TWD,29.1201
2025-10-08,USD_TWD,29.1996
2025-10-09,USD_TWD,29.1578
2025-10-10,USD_TWD,29.1736
2025-10-13,USD_TWD,29.1355
2025-10-14,USD_TWD,29.1025
2025-10-15,USD_TWD,29.1431
2025-10-16,USD_TWD,29.1411
2025-10-17,USD_TWD,29.2323
2025-10-20,USD_TWD,29.207
2025-10-21,USD_TWD,29.2595
2025-10-22,USD_TWD,29.2646
2025-10-23,USD_TWD,29.3066
2025-10-24,USD_TWD,29.283
2025-10-27,USD_TWD,29.2804
2025-10-28,USD_TWD,29.2743
2025-10-29,USD_TWD,29.2302
2025-10-30,USD_TWD,29.2651
2025-10-31,USD_TWD,29.2993
2025-11-03,USD_TWD,29.3306
2025-11-04,USD_TWD,29.4118
2025-11-05,USD_TWD,29.4885
2025-11-06,USD_TWD,29.4686
2025-11-07,USD_TWD,29.4884
2025-11-10,USD_TWD,29.4553
2025-11-11,USD_TWD,29.4565
2025-11-12,USD_TWD,29.4247
2025-11-13,USD_TWD,29.5105
2025-11-14,USD_TWD,29.5298
2025-11-17,USD_TWD,29.5182
2025-11-18,USD_TWD,29.5817
2025-11-19,USD_TWD,29.4661
2025-11-20,USD_TWD,29.3593
2025-11-21,USD_TWD,29.4013
2025-11-24,USD_TWD,29.4045
2025-11-25,USD_TWD,29.4178
2025-11-26,USD_TWD,29.3475
2025-11-27,USD_TWD,29.3463
2025-11-28,USD_TWD,29.4521
2025-12-01,USD_TWD,29.4958
2025-12-02,USD_TWD,29.5048
2025-12-03,USD_TWD,29.4815
2025-12-04,USD_TWD,29.4606
2025-12-05,USD_TWD,29.3477
2025-12-08,USD_TWD,29.3613
2025-12-09,USD_TWD,29.406
2025-12-10,USD_TWD,29.3226
2025-12-11,USD_TWD,29.2877
2025-12-12,USD_TWD,29.2266
2025-12-15,USD_TWD,29.1759
2025-12-16,USD_TWD,29.1787
2025-12-17,USD_TWD,29.0692
2025-12-18,USD_TWD,29.1013
2025-12-19,USD_TWD,29.1408
2025-12-22,USD_TWD,29.1277
2025-12-23,USD_TWD,28.9976
2025-12-24,USD_TWD,28.9456
2025-12-25,USD_TWD,29.0098
2025-12-26,USD_TWD,28.8648
2025-12-29,USD_TWD,28.8467
2025-12-30,USD_TWD,28.7854
2025-12-31,USD_TWD,28.8271
